recommendation_id,zone_id,zone_name,region,risk_level,delay_risk_score,depletion_risk_score,risk_score_p10,risk_score_p90,projected_risk_no_action_2h,demand_pressure_score,imbalance_score,imbalance_level,policy_action,policy_reason,predicted_shortage,severity_bucket,persistence_count,neighbor_surplus,recommended_action,action_reason,action_tier,action_tier_label,requires_approver,trigger_condition,estimated_action_cost,estimated_shortage_reduction,budget_remaining,expected_supply_uplift,estimated_recoverable_opportunity,opportunity_ratio,issue_detected,recommendation,expected_impact,confidence,priority,explanation_tag,last_updated,eta_minutes,intervention_window,adjacent_risk_zones,network_warning,root_cause,action_id,action_type,pricing_level,incentive_level,push_level,expected_recovery_rate,expected_improvement_rate,estimated_score_delta,confidence_band,evidence_count,follow_rate,policy_rank_reason,estimated_cost_sgd,expected_supply_response_30m,expected_recovery_probability,expected_roi,decision_objective,winning_reason,constraints_triggered,alternative_actions
596fd06c528e3ca4,1,Ang Mo Kio,North-East,low,0.1089,0.1089,0.052,0.165,0.109,0.1689,0.0602,low,no_action,Heuristic baseline policy recommends no action because depletion risk and imbalance remain low.,0.1141,low,0,3.1,monitor,Selected monitor because it maximized deterministic net value under current constraints.,0,Monitor only,none,"low shortage risk; predicted shortage 0.11, pressure 0.17, persistence 0 window(s)",0.0,0.0,30.0,0.0,12.865,128.65,Low shortage stress in Ang Mo Kio (score 0.114).,Continue monitoring Ang Mo Kio; no active intervention is warranted yet.,Maintain watchlist posture while preserving budget and adjacent supply.,0.25,low,rain,2026-05-11T03:43:23.109627+00:00,,,,,weather,monitor,monitor,none,none,none,,,-0.0,low,0,,Selected monitor because it maximized deterministic net value under current constraints.,0.0,0.0,0.1141,128.65,reliability_first,Selected monitor because it maximized deterministic net value under current constraints.,[],[]
3799a8df197db155,2,Bedok,East,medium,0.4047,0.4047,0.314,0.496,0.405,0.1689,0.0864,low,no_action,Heuristic baseline policy recommends no action because depletion risk and imbalance remain low.,0.2276,low,0,1.2694,monitor,Selected monitor because it maximized deterministic net value under current constraints.,0,Monitor only,none,"low shortage risk; predicted shortage 0.23, pressure 0.17, persistence 0 window(s)",0.0,0.0,30.0,0.0,61.0259,610.259,Low shortage stress in Bedok (score 0.228).,Continue monitoring Bedok; no active intervention is warranted yet.,Maintain watchlist posture while preserving budget and adjacent supply.,0.38,medium,low supply + rain,2026-05-11T03:43:23.109768+00:00,,,,,weather,monitor,monitor,none,none,none,,,-0.0,low,0,,Selected monitor because it maximized deterministic net value under current constraints.,0.0,0.0,0.2276,610.259,reliability_first,Selected monitor because it maximized deterministic net value under current constraints.,[],[]
05520f14ca465a2d,3,Bishan,Central,high,0.9432,0.9432,1.084,0.803,0.943,0.1689,0.0473,low,intervention,Heuristic baseline policy recommends intervention because depletion risk or imbalance is already high.,0.4061,moderate,1,4.6667,monitor,Selected monitor because it maximized deterministic net value under current constraints.,0,Monitor only,none,"moderate shortage risk; predicted shortage 0.41, pressure 0.17, persistence 1 window(s)",0.0,0.0,30.0,0.0,90.3784,903.784,Moderate shortage stress in Bishan (score 0.406).,Continue monitoring Bishan; no active intervention is warranted yet.,Maintain watchlist posture while preserving budget and adjacent supply.,0.86,high,low supply + rain,2026-05-11T03:43:23.109876+00:00,,,,,weather,monitor,monitor,none,none,none,,,-0.0,medium,0,,Selected monitor because it maximized deterministic net value under current constraints.,0.0,0.0,0.4061,903.784,reliability_first,Selected monitor because it maximized deterministic net value under current constraints.,[],[]
a2bc0b85fc8a46b7,4,Boon Lay,West,low,0.0279,0.0279,0.0,0.108,0.228,0.2158,0.1875,low,watchlist,Heuristic baseline policy recommends watchlist monitoring because signals are elevated but not yet acute.,0.1735,low,0,6.4,monitor,Selected monitor because it maximized deterministic net value under current constraints.,0,Monitor only,none,"low shortage risk; predicted shortage 0.17, pressure 0.22, persistence 0 window(s)",0.0,0.0,30.0,0.0,19.9872,199.872,Low shortage stress in Boon Lay (score 0.173).,Continue monitoring Boon Lay; no active intervention is warranted yet.,Maintain watchlist posture while preserving budget and adjacent supply.,0.25,low,critically low supply + below yesterday baseline + rain,2026-05-11T03:43:23.109976+00:00,,,,,weather,monitor,monitor,none,none,none,,,-0.0,low,0,,Selected monitor because it maximized deterministic net value under current constraints.,0.0,0.0,0.1735,199.872,reliability_first,Selected monitor because it maximized deterministic net value under current constraints.,[],[]
b3295d171ded0d33,5,Bukit Batok,West,low,0.0308,0.0308,0.038,0.024,0.031,0.1689,0.0743,low,watchlist,Heuristic baseline policy recommends watchlist monitoring because signals are elevated but not yet acute.,0.0868,low,0,2.9714,monitor,Selected monitor because it maximized deterministic net value under current constraints.,0,Monitor only,none,"low shortage risk; predicted shortage 0.09, pressure 0.17, persistence 0 window(s)",0.0,0.0,30.0,0.0,6.6821,66.821,Low shortage stress in Bukit Batok (score 0.087).,Continue monitoring Bukit Batok; no active intervention is warranted yet.,Maintain watchlist posture while preserving budget and adjacent supply.,0.25,low,low supply + rain,2026-05-11T03:43:23.110065+00:00,,,,,weather,monitor,monitor,none,none,none,,,-0.0,low,0,,Selected monitor because it maximized deterministic net value under current constraints.,0.0,0.0,0.0868,66.821,reliability_first,Selected monitor because it maximized deterministic net value under current constraints.,[],[]
99a8d2831d71b14e,6,Bukit Merah,Central,medium,0.5374,0.5374,0.481,0.594,0.537,0.1689,0.0695,low,watchlist,Heuristic baseline policy recommends watchlist monitoring because signals are elevated but not yet acute.,0.2641,moderate,1,6.8611,monitor,Selected monitor because it maximized deterministic net value under current constraints.,0,Monitor only,none,"moderate shortage risk; predicted shortage 0.26, pressure 0.17, persistence 1 window(s)",0.0,0.0,30.0,0.0,152.8109,1528.109,Moderate shortage stress in Bukit Merah (score 0.264).,Continue monitoring Bukit Merah; no active intervention is warranted yet.,Maintain watchlist posture while preserving budget and adjacent supply.,0.5,medium,low supply + rain,2026-05-11T03:43:23.110151+00:00,,,,,weather,monitor,monitor,none,none,none,,,-0.0,low,0,,Selected monitor because it maximized deterministic net value under current constraints.,0.0,0.0,0.2641,1528.109,reliability_first,Selected monitor because it maximized deterministic net value under current constraints.,[],[]
f2e72449c7fd9f4a,7,Bukit Panjang,West,low,0.011,0.011,0.0,0.113,0.361,0.1689,0.1736,low,watchlist,Heuristic baseline policy recommends watchlist monitoring because signals are elevated but not yet acute.,0.1549,low,0,0.9,monitor,Selected monitor because it maximized deterministic net value under current constraints.,0,Monitor only,none,"low shortage risk; predicted shortage 0.15, pressure 0.17, persistence 0 window(s)",0.0,0.0,30.0,0.0,24.6024,246.024,Low shortage stress in Bukit Panjang (score 0.155).,Continue monitoring Bukit Panjang; no active intervention is warranted yet.,Maintain watchlist posture while preserving budget and adjacent supply.,0.25,low,rapid depletion + sustained depletion + critically low supply + below yesterday baseline + rain,2026-05-11T03:43:23.110236+00:00,,,,,weather,monitor,monitor,none,none,none,,,-0.0,low,0,,Selected monitor because it maximized deterministic net value under current constraints.,0.0,0.0,0.1549,246.024,reliability_first,Selected monitor because it maximized deterministic net value under current constraints.,[],[]
d3586b53170c77a8,8,Bukit Timah,Central,high,0.9416,0.9416,1.13,0.753,0.942,0.1689,0.0448,low,intervention,Heuristic baseline policy recommends intervention because depletion risk or imbalance is already high.,0.4056,moderate,1,3.8048,monitor,Selected monitor because it maximized deterministic net value under current constraints.,0,Monitor only,none,"moderate shortage risk; predicted shortage 0.41, pressure 0.17, persistence 1 window(s)",0.0,0.0,30.0,0.0,67.4594,674.594,Moderate shortage stress in Bukit Timah (score 0.406).,Continue monitoring Bukit Timah; no active intervention is warranted yet.,Maintain watchlist posture while preserving budget and adjacent supply.,0.86,high,low supply + rain,2026-05-11T03:43:23.110324+00:00,,,,,weather,monitor,monitor,none,none,none,,,-0.0,medium,0,,Selected monitor because it maximized deterministic net value under current constraints.,0.0,0.0,0.4056,674.594,reliability_first,Selected monitor because it maximized deterministic net value under current constraints.,[],[]
7dcb495216242a47,9,Buona Vista,West,low,0.327,0.327,0.246,0.408,0.327,0.1689,0.1158,low,watchlist,Heuristic baseline policy recommends watchlist monitoring because signals are elevated but not yet acute.,0.2238,low,0,4.7714,monitor,Selected monitor because it maximized deterministic net value under current constraints.,0,Monitor only,none,"low shortage risk; predicted shortage 0.22, pressure 0.17, persistence 0 window(s)",0.0,0.0,30.0,0.0,16.9773,169.773,Low shortage stress in Buona Vista (score 0.224).,Continue monitoring Buona Vista; no active intervention is warranted yet.,Maintain watchlist posture while preserving budget and adjacent supply.,0.31,low,critically low supply + rain,2026-05-11T03:43:23.110407+00:00,,,,,weather,monitor,monitor,none,none,none,,,-0.0,low,0,,Selected monitor because it maximized deterministic net value under current constraints.,0.0,0.0,0.2238,169.773,reliability_first,Selected monitor because it maximized deterministic net value under current constraints.,[],[]
5065f08026a2b7de,10,Changi,East,low,0.0413,0.0413,0.0,0.09,0.041,0.1689,0.0743,low,no_action,Heuristic baseline policy recommends no action because depletion risk and imbalance remain low.,0.0905,low,0,0.3111,monitor,Selected monitor because it maximized deterministic net value under current constraints.,0,Monitor only,none,"low shortage risk; predicted shortage 0.09, pressure 0.17, persistence 0 window(s)",0.0,0.0,30.0,0.0,164.9147,1649.147,Low shortage stress in Changi (score 0.090).,Continue monitoring Changi; no active intervention is warranted yet.,Maintain watchlist posture while preserving budget and adjacent supply.,0.25,low,rain,2026-05-11T03:43:23.110491+00:00,,,,,weather,monitor,monitor,none,none,none,,,-0.0,low,0,,Selected monitor because it maximized deterministic net value under current constraints.,0.0,0.0,0.0905,1649.147,reliability_first,Selected monitor because it maximized deterministic net value under current constraints.,[],[]
68ffc4f22c8d7dc5,11,Choa Chu Kang,West,low,0.0125,0.0125,0.0,0.11,0.331,0.1689,0.1736,low,watchlist,Heuristic baseline policy recommends watchlist monitoring because signals are elevated but not yet acute.,0.1554,low,0,2.9,monitor,Selected monitor because it maximized deterministic net value under current constraints.,0,Monitor only,none,"low shortage risk; predicted shortage 0.16, pressure 0.17, persistence 0 window(s)",0.0,0.0,30.0,0.0,24.6888,246.888,Low shortage stress in Choa Chu Kang (score 0.155).,Continue monitoring Choa Chu Kang; no active intervention is warranted yet.,Maintain watchlist posture while preserving budget and adjacent supply.,0.25,low,rapid depletion + sustained depletion + critically low supply + below yesterday baseline + rain,2026-05-11T03:43:23.110576+00:00,,,,,weather,monitor,monitor,none,none,none,,,-0.0,low,0,,Selected monitor because it maximized deterministic net value under current constraints.,0.0,0.0,0.1554,246.888,reliability_first,Selected monitor because it maximized deterministic net value under current constraints.,[],[]
fe1afcb29c86fc77,12,Clementi,West,low,0.1748,0.1748,0.22,0.13,0.175,0.1689,0.0596,low,watchlist,Heuristic baseline policy recommends watchlist monitoring because signals are elevated but not yet acute.,0.1372,low,0,3.3,monitor,Selected monitor because it maximized deterministic net value under current constraints.,0,Monitor only,none,"low shortage risk; predicted shortage 0.14, pressure 0.17, persistence 0 window(s)",0.0,0.0,30.0,0.0,8.3463,83.463,Low shortage stress in Clementi (score 0.137).,Continue monitoring Clementi; no active intervention is warranted yet.,Maintain watchlist posture while preserving budget and adjacent supply.,0.25,low,low supply + rain,2026-05-11T03:43:23.110677+00:00,,,,,weather,monitor,monitor,none,none,none,,,-0.0,low,0,,Selected monitor because it maximized deterministic net value under current constraints.,0.0,0.0,0.1372,83.463,reliability_first,Selected monitor because it maximized deterministic net value under current constraints.,[],[]
06734244b2387b4a,13,Downtown Core,Central,low,0.0709,0.0709,0.009,0.133,0.118,0.1689,0.1072,low,watchlist,Heuristic baseline policy recommends watchlist monitoring because signals are elevated but not yet acute.,0.1275,low,0,8.423,monitor,Selected monitor because it maximized deterministic net value under current constraints.,0,Monitor only,none,"low shortage risk; predicted shortage 0.13, pressure 0.17, persistence 0 window(s)",0.0,0.0,30.0,0.0,39.24,392.4,Low shortage stress in Downtown Core (score 0.128).,Continue monitoring Downtown Core; no active intervention is warranted yet.,Maintain watchlist posture while preserving budget and adjacent supply.,0.25,low,low supply + rain,2026-05-11T03:43:23.110765+00:00,,,,,weather,monitor,monitor,none,none,none,,,-0.0,low,0,,Selected monitor because it maximized deterministic net value under current constraints.,0.0,0.0,0.1275,392.4,reliability_first,Selected monitor because it maximized deterministic net value under current constraints.,[],[]
ff19747cef19d875,14,Geylang,East,medium,0.5737,0.5737,0.432,0.715,0.667,0.1689,0.0642,low,watchlist,Heuristic baseline policy recommends watchlist monitoring because signals are elevated but not yet acute.,0.2768,moderate,1,1.898,monitor,Selected monitor because it maximized deterministic net value under current constraints.,0,Monitor only,none,"moderate shortage risk; predicted shortage 0.28, pressure 0.17, persistence 1 window(s)",0.0,0.0,30.0,0.0,79.5669,795.669,Moderate shortage stress in Geylang (score 0.277).,Continue monitoring Geylang; no active intervention is warranted yet.,Maintain watchlist posture while preserving budget and adjacent supply.,0.53,medium,low supply + rain,2026-05-11T03:43:23.110847+00:00,,,,,weather,monitor,monitor,none,none,none,,,-0.0,low,0,,Selected monitor because it maximized deterministic net value under current constraints.,0.0,0.0,0.2768,795.669,reliability_first,Selected monitor because it maximized deterministic net value under current constraints.,[],[]
0e85cc9470f5e847,15,Hougang,North-East,low,0.0188,0.0188,0.0,0.08,0.119,0.1689,0.0743,low,watchlist,Heuristic baseline policy recommends watchlist monitoring because signals are elevated but not yet acute.,0.0826,low,0,2.3611,monitor,Selected monitor because it maximized deterministic net value under current constraints.,0,Monitor only,none,"low shortage risk; predicted shortage 0.08, pressure 0.17, persistence 0 window(s)",0.0,0.0,30.0,0.0,5.6326,56.326,Low shortage stress in Hougang (score 0.083).,Continue monitoring Hougang; no active intervention is warranted yet.,Maintain watchlist posture while preserving budget and adjacent supply.,0.25,low,low supply + rain,2026-05-11T03:43:23.110928+00:00,,,,,weather,monitor,monitor,none,none,none,,,-0.0,low,0,,Selected monitor because it maximized deterministic net value under current constraints.,0.0,0.0,0.0826,56.326,reliability_first,Selected monitor because it maximized deterministic net value under current constraints.,[],[]
a84dadd5b3c8ca10,16,Jurong East,West,low,0.0669,0.0669,0.048,0.086,0.067,0.1689,0.0743,low,watchlist,Heuristic baseline policy recommends watchlist monitoring because signals are elevated but not yet acute.,0.0994,low,0,0.9714,monitor,Selected monitor because it maximized deterministic net value under current constraints.,0,Monitor only,none,"low shortage risk; predicted shortage 0.10, pressure 0.17, persistence 0 window(s)",0.0,0.0,30.0,0.0,5.6167,56.167,Low shortage stress in Jurong East (score 0.099).,Continue monitoring Jurong East; no active intervention is warranted yet.,Maintain watchlist posture while preserving budget and adjacent supply.,0.25,low,critically low supply + rain,2026-05-11T03:43:23.111013+00:00,,,,,weather,monitor,monitor,none,none,none,,,-0.0,low,0,,Selected monitor because it maximized deterministic net value under current constraints.,0.0,0.0,0.0994,56.167,reliability_first,Selected monitor because it maximized deterministic net value under current constraints.,[],[]
14f35c4732b76244,17,Jurong West,West,low,0.0271,0.0271,0.0,0.09,0.127,0.1689,0.1956,low,watchlist,Heuristic baseline policy recommends watchlist monitoring because signals are elevated but not yet acute.,0.1744,low,0,6.4,monitor,Selected monitor because it maximized deterministic net value under current constraints.,0,Monitor only,none,"low shortage risk; predicted shortage 0.17, pressure 0.17, persistence 0 window(s)",0.0,0.0,30.0,0.0,35.8848,358.848,Low shortage stress in Jurong West (score 0.174).,Continue monitoring Jurong West; no active intervention is warranted yet.,Maintain watchlist posture while preserving budget and adjacent supply.,0.25,low,critically low supply + below yesterday baseline + rain,2026-05-11T03:43:23.111097+00:00,,,,,weather,monitor,monitor,none,none,none,,,-0.0,low,0,,Selected monitor because it maximized deterministic net value under current constraints.,0.0,0.0,0.1744,358.848,reliability_first,Selected monitor because it maximized deterministic net value under current constraints.,[],[]
a9b35f3ddf5045c6,18,Kallang,Central,low,0.0758,0.0758,0.013,0.139,0.122,0.1689,0.0917,low,watchlist,Heuristic baseline policy recommends watchlist monitoring because signals are elevated but not yet acute.,0.1168,low,0,9.6972,monitor,Selected monitor because it maximized deterministic net value under current constraints.,0,Monitor only,none,"low shortage risk; predicted shortage 0.12, pressure 0.17, persistence 0 window(s)",0.0,0.0,30.0,0.0,31.0819,310.819,Low shortage stress in Kallang (score 0.117).,Continue monitoring Kallang; no active intervention is warranted yet.,Maintain watchlist posture while preserving budget and adjacent supply.,0.25,low,low supply + rain,2026-05-11T03:43:23.111179+00:00,,,,,weather,monitor,monitor,none,none,none,,,-0.0,low,0,,Selected monitor because it maximized deterministic net value under current constraints.,0.0,0.0,0.1168,310.819,reliability_first,Selected monitor because it maximized deterministic net value under current constraints.,[],[]
2a7161c58fddda6e,19,Lim Chu Kang,North,low,0.0319,0.0319,0.0,0.078,0.032,0.1689,0.8338,high,intervention,Heuristic baseline policy recommends intervention because depletion risk or imbalance is already high.,0.2872,moderate,1,0.7,monitor,Selected monitor because it maximized deterministic net value under current constraints.,0,Monitor only,none,"moderate shortage risk; predicted shortage 0.29, pressure 0.17, persistence 1 window(s)",0.0,0.0,30.0,0.0,22.8384,228.384,Moderate shortage stress in Lim Chu Kang (score 0.287).,Continue monitoring Lim Chu Kang; no active intervention is warranted yet.,Maintain watchlist posture while preserving budget and adjacent supply.,0.25,medium,critically low supply + below yesterday baseline + rain,2026-05-11T03:43:23.111261+00:00,,,,,weather,monitor,monitor,none,none,none,,,-0.0,low,0,,Selected monitor because it maximized deterministic net value under current constraints.,0.0,0.0,0.2872,228.384,reliability_first,Selected monitor because it maximized deterministic net value under current constraints.,[],[]
4017d79f5272fadc,20,Mandai,North,low,0.0579,0.0579,0.0,0.169,0.478,0.2225,0.338,low,watchlist,Heuristic baseline policy recommends watchlist monitoring because signals are elevated but not yet acute.,0.2537,moderate,1,0.7,monitor,Selected monitor because it maximized deterministic net value under current constraints.,0,Monitor only,none,"moderate shortage risk; predicted shortage 0.25, pressure 0.22, persistence 1 window(s)",0.0,0.0,30.0,0.0,27.9072,279.072,Moderate shortage stress in Mandai (score 0.254).,Continue monitoring Mandai; no active intervention is warranted yet.,Maintain watchlist posture while preserving budget and adjacent supply.,0.25,medium,rapid depletion + sustained depletion + critically low supply + below yesterday baseline + rain,2026-05-11T03:43:23.111342+00:00,,,,,weather,monitor,monitor,none,none,none,,,-0.0,low,0,,Selected monitor because it maximized deterministic net value under current constraints.,0.0,0.0,0.2537,279.072,reliability_first,Selected monitor because it maximized deterministic net value under current constraints.,[],[]
99497433a458abd9,21,Marina East,Central,high,0.9267,0.9267,1.072,0.781,0.927,0.1689,0.054,low,intervention,Heuristic baseline policy recommends intervention because depletion risk or imbalance is already high.,0.4003,moderate,2,3.7591,monitor,Selected monitor because it maximized deterministic net value under current constraints.,0,Monitor only,none,"moderate shortage risk; predicted shortage 0.40, pressure 0.17, persistence 2 window(s)",0.0,0.0,30.0,0.0,88.4823,884.823,Moderate shortage stress in Marina East (score 0.400).,Continue monitoring Marina East; no active intervention is warranted yet.,Maintain watchlist posture while preserving budget and adjacent supply.,0.85,high,critically low supply + rain,2026-05-11T03:43:23.111422+00:00,,,,,weather,monitor,monitor,none,none,none,,,-0.0,medium,0,,Selected monitor because it maximized deterministic net value under current constraints.,0.0,0.0,0.4003,884.823,reliability_first,Selected monitor because it maximized deterministic net value under current constraints.,[],[]
2ab9125793f3cc39,22,Marina South,Central,high,0.939,0.939,1.127,0.751,0.939,0.1689,0.0473,low,intervention,Heuristic baseline policy recommends intervention because depletion risk or imbalance is already high.,0.4047,moderate,1,2.6563,monitor,Selected monitor because it maximized deterministic net value under current constraints.,0,Monitor only,none,"moderate shortage risk; predicted shortage 0.40, pressure 0.17, persistence 1 window(s)",0.0,0.0,30.0,0.0,22.4439,224.439,Moderate shortage stress in Marina South (score 0.405).,Continue monitoring Marina South; no active intervention is warranted yet.,Maintain watchlist posture while preserving budget and adjacent supply.,0.86,high,critically low supply + rain,2026-05-11T03:43:23.111502+00:00,,,,,weather,monitor,monitor,none,none,none,,,-0.0,medium,0,,Selected monitor because it maximized deterministic net value under current constraints.,0.0,0.0,0.4047,224.439,reliability_first,Selected monitor because it maximized deterministic net value under current constraints.,[],[]
8c9fce1c1c18f751,23,Marine Parade,East,medium,0.6064,0.6064,0.728,0.485,0.606,0.1689,0.0698,low,watchlist,Heuristic baseline policy recommends watchlist monitoring because signals are elevated but not yet acute.,0.2882,moderate,1,2.323,monitor,Selected monitor because it maximized deterministic net value under current constraints.,0,Monitor only,none,"moderate shortage risk; predicted shortage 0.29, pressure 0.17, persistence 1 window(s)",0.0,0.0,30.0,0.0,38.4629,384.629,Moderate shortage stress in Marine Parade (score 0.288).,Continue monitoring Marine Parade; no active intervention is warranted yet.,Maintain watchlist posture while preserving budget and adjacent supply.,0.56,medium,critically low supply + rain,2026-05-11T03:43:23.111592+00:00,,,,,weather,monitor,monitor,none,none,none,,,-0.0,low,0,,Selected monitor because it maximized deterministic net value under current constraints.,0.0,0.0,0.2882,384.629,reliability_first,Selected monitor because it maximized deterministic net value under current constraints.,[],[]
400da7c260bf5e9e,24,Museum,Central,low,0.1191,0.1191,0.115,0.123,0.119,0.1689,0.1613,low,watchlist,Heuristic baseline policy recommends watchlist monitoring because signals are elevated but not yet acute.,0.1844,low,0,8.9897,monitor,Selected monitor because it maximized deterministic net value under current constraints.,0,Monitor only,none,"low shortage risk; predicted shortage 0.18, pressure 0.17, persistence 0 window(s)",0.0,0.0,30.0,0.0,172.998,1729.98,Low shortage stress in Museum (score 0.184).,Continue monitoring Museum; no active intervention is warranted yet.,Maintain watchlist posture while preserving budget and adjacent supply.,0.25,low,low supply + below yesterday baseline + rain,2026-05-11T03:43:23.111673+00:00,,,,,weather,monitor,monitor,none,none,none,,,-0.0,low,0,,Selected monitor because it maximized deterministic net value under current constraints.,0.0,0.0,0.1844,1729.98,reliability_first,Selected monitor because it maximized deterministic net value under current constraints.,[],[]
ece9b048970341bc,25,Newton,Central,low,0.3975,0.3975,0.326,0.469,0.398,0.1689,0.0473,low,watchlist,Heuristic baseline policy recommends watchlist monitoring because signals are elevated but not yet acute.,0.2151,low,0,8.8563,monitor,Selected monitor because it maximized deterministic net value under current constraints.,0,Monitor only,none,"low shortage risk; predicted shortage 0.22, pressure 0.17, persistence 0 window(s)",0.0,0.0,30.0,0.0,13.3732,133.732,Low shortage stress in Newton (score 0.215).,Continue monitoring Newton; no active intervention is warranted yet.,Maintain watchlist posture while preserving budget and adjacent supply.,0.37,low,critically low supply + rain,2026-05-11T03:43:23.111753+00:00,,,,,weather,monitor,monitor,none,none,none,,,-0.0,low,0,,Selected monitor because it maximized deterministic net value under current constraints.,0.0,0.0,0.2151,133.732,reliability_first,Selected monitor because it maximized deterministic net value under current constraints.,[],[]
841d8825e19a9916,26,Novena,Central,medium,0.4974,0.4974,0.478,0.517,0.497,0.1689,0.0559,low,watchlist,Heuristic baseline policy recommends watchlist monitoring because signals are elevated but not yet acute.,0.2501,moderate,1,7.1563,monitor,Selected monitor because it maximized deterministic net value under current constraints.,0,Monitor only,none,"moderate shortage risk; predicted shortage 0.25, pressure 0.17, persistence 1 window(s)",0.0,0.0,30.0,0.0,54.0756,540.756,Moderate shortage stress in Novena (score 0.250).,Continue monitoring Novena; no active intervention is warranted yet.,Maintain watchlist posture while preserving budget and adjacent supply.,0.46,medium,low supply + rain,2026-05-11T03:43:23.111834+00:00,,,,,weather,monitor,monitor,none,none,none,,,-0.0,low,0,,Selected monitor because it maximized deterministic net value under current constraints.,0.0,0.0,0.2501,540.756,reliability_first,Selected monitor because it maximized deterministic net value under current constraints.,[],[]
31a48facf6596a4a,27,Orchard,Central,low,0.1886,0.1886,0.191,0.186,0.189,0.1689,0.0627,low,watchlist,Heuristic baseline policy recommends watchlist monitoring because signals are elevated but not yet acute.,0.142,low,0,8.2897,monitor,Selected monitor because it maximized deterministic net value under current constraints.,0,Monitor only,none,"low shortage risk; predicted shortage 0.14, pressure 0.17, persistence 0 window(s)",0.0,0.0,30.0,0.0,31.9756,319.756,Low shortage stress in Orchard (score 0.142).,Continue monitoring Orchard; no active intervention is warranted yet.,Maintain watchlist posture while preserving budget and adjacent supply.,0.25,low,low supply + rain,2026-05-11T03:43:23.111916+00:00,,,,,weather,monitor,monitor,none,none,none,,,-0.0,low,0,,Selected monitor because it maximized deterministic net value under current constraints.,0.0,0.0,0.142,319.756,reliability_first,Selected monitor because it maximized deterministic net value under current constraints.,[],[]
c485b8780118b6a2,28,Outram,Central,low,0.2957,0.2957,0.317,0.275,0.296,0.1689,0.0618,low,watchlist,Heuristic baseline policy recommends watchlist monitoring because signals are elevated but not yet acute.,0.1795,low,0,7.8452,monitor,Selected monitor because it maximized deterministic net value under current constraints.,0,Monitor only,none,"low shortage risk; predicted shortage 0.18, pressure 0.17, persistence 0 window(s)",0.0,0.0,30.0,0.0,44.0838,440.838,Low shortage stress in Outram (score 0.179).,Continue monitoring Outram; no active intervention is warranted yet.,Maintain watchlist posture while preserving budget and adjacent supply.,0.28,low,low supply + rain,2026-05-11T03:43:23.111996+00:00,,,,,weather,monitor,monitor,none,none,none,,,-0.0,low,0,,Selected monitor because it maximized deterministic net value under current constraints.,0.0,0.0,0.1795,440.838,reliability_first,Selected monitor because it maximized deterministic net value under current constraints.,[],[]
ed73f2d8773d4838,29,Pasir Ris,East,low,0.0512,0.0512,0.0,0.139,0.27,0.1689,0.0703,low,watchlist,Heuristic baseline policy recommends watchlist monitoring because signals are elevated but not yet acute.,0.0939,low,0,0.3,monitor,Selected monitor because it maximized deterministic net value under current constraints.,0,Monitor only,none,"low shortage risk; predicted shortage 0.09, pressure 0.17, persistence 0 window(s)",0.0,0.0,30.0,0.0,5.6588,56.588,Low shortage stress in Pasir Ris (score 0.094).,Continue monitoring Pasir Ris; no active intervention is warranted yet.,Maintain watchlist posture while preserving budget and adjacent supply.,0.25,low,rapid depletion + sustained depletion + low supply + rain,2026-05-11T03:43:23.112077+00:00,,,,,weather,monitor,monitor,none,none,none,,,-0.0,low,0,,Selected monitor because it maximized deterministic net value under current constraints.,0.0,0.0,0.0939,56.588,reliability_first,Selected monitor because it maximized deterministic net value under current constraints.,[],[]
43cb0481ac2d18c4,30,Paya Lebar,East,low,0.0485,0.0485,0.025,0.072,0.049,0.1689,0.0703,low,watchlist,Heuristic baseline policy recommends watchlist monitoring because signals are elevated but not yet acute.,0.093,low,0,3.3202,monitor,Selected monitor because it maximized deterministic net value under current constraints.,0,Monitor only,none,"low shortage risk; predicted shortage 0.09, pressure 0.17, persistence 0 window(s)",0.0,0.0,30.0,0.0,5.5624,55.624,Low shortage stress in Paya Lebar (score 0.093).,Continue monitoring Paya Lebar; no active intervention is warranted yet.,Maintain watchlist posture while preserving budget and adjacent supply.,0.25,low,low supply + rain,2026-05-11T03:43:23.112158+00:00,,,,,weather,monitor,monitor,none,none,none,,,-0.0,low,0,,Selected monitor because it maximized deterministic net value under current constraints.,0.0,0.0,0.093,55.624,reliability_first,Selected monitor because it maximized deterministic net value under current constraints.,[],[]
e4c27dfda80ea82d,31,Pioneer,West,medium,0.4531,0.4531,0.442,0.464,0.453,0.1689,0.0743,low,watchlist,Heuristic baseline policy recommends watchlist monitoring because signals are elevated but not yet acute.,0.2346,low,0,0.0,monitor,Selected monitor because it maximized deterministic net value under current constraints.,0,Monitor only,none,"low shortage risk; predicted shortage 0.23, pressure 0.17, persistence 0 window(s)",0.0,0.0,30.0,0.0,3.2887,32.887,Low shortage stress in Pioneer (score 0.235).,Continue monitoring Pioneer; no active intervention is warranted yet.,Maintain watchlist posture while preserving budget and adjacent supply.,0.42,medium,critically low supply + rain,2026-05-11T03:43:23.112239+00:00,,,,,weather,monitor,monitor,none,none,none,,,-0.0,low,0,,Selected monitor because it maximized deterministic net value under current constraints.,0.0,0.0,0.2346,32.887,reliability_first,Selected monitor because it maximized deterministic net value under current constraints.,[],[]
c16e604a1ccfcc92,32,Punggol,North-East,low,0.013,0.013,0.0,0.116,0.384,0.1689,0.1517,low,watchlist,Heuristic baseline policy recommends watchlist monitoring because signals are elevated but not yet acute.,0.1406,low,0,0.2833,monitor,Selected monitor because it maximized deterministic net value under current constraints.,0,Monitor only,none,"low shortage risk; predicted shortage 0.14, pressure 0.17, persistence 0 window(s)",0.0,0.0,30.0,0.0,23.3064,233.064,Low shortage stress in Punggol (score 0.141).,Continue monitoring Punggol; no active intervention is warranted yet.,Maintain watchlist posture while preserving budget and adjacent supply.,0.25,low,rapid depletion + sustained depletion + critically low supply + below yesterday baseline + rain,2026-05-11T03:43:23.112320+00:00,,,,,weather,monitor,monitor,none,none,none,,,-0.0,low,0,,Selected monitor because it maximized deterministic net value under current constraints.,0.0,0.0,0.1406,233.064,reliability_first,Selected monitor because it maximized deterministic net value under current constraints.,[],[]
43e81f6a5b522fb5,33,Queenstown,Central,low,0.0421,0.0421,0.0,0.151,0.392,0.1689,0.1378,low,watchlist,Heuristic baseline policy recommends watchlist monitoring because signals are elevated but not yet acute.,0.1407,low,0,4.0048,monitor,Selected monitor because it maximized deterministic net value under current constraints.,0,Monitor only,none,"low shortage risk; predicted shortage 0.14, pressure 0.17, persistence 0 window(s)",0.0,0.0,30.0,0.0,19.98,199.8,Low shortage stress in Queenstown (score 0.141).,Continue monitoring Queenstown; no active intervention is warranted yet.,Maintain watchlist posture while preserving budget and adjacent supply.,0.25,low,rapid depletion + sustained depletion + critically low supply + below yesterday baseline + rain,2026-05-11T03:43:23.112406+00:00,,,,,weather,monitor,monitor,none,none,none,,,-0.0,low,0,,Selected monitor because it maximized deterministic net value under current constraints.,0.0,0.0,0.1407,199.8,reliability_first,Selected monitor because it maximized deterministic net value under current constraints.,[],[]
2261f438defecc36,34,River Valley,Central,medium,0.6752,0.6752,0.57,0.78,0.675,0.1689,0.2551,low,watchlist,Heuristic baseline policy recommends watchlist monitoring because signals are elevated but not yet acute.,0.4323,moderate,1,8.523,monitor,Selected monitor because it maximized deterministic net value under current constraints.,0,Monitor only,none,"moderate shortage risk; predicted shortage 0.43, pressure 0.17, persistence 1 window(s)",0.0,0.0,30.0,0.0,164.376,1643.76,Moderate shortage stress in River Valley (score 0.432).,Continue monitoring River Valley; no active intervention is warranted yet.,Maintain watchlist posture while preserving budget and adjacent supply.,0.64,medium,critically low supply + below yesterday baseline + rain,2026-05-11T03:43:23.112490+00:00,,,,,weather,monitor,monitor,none,none,none,,,-0.0,low,0,,Selected monitor because it maximized deterministic net value under current constraints.,0.0,0.0,0.4323,1643.76,reliability_first,Selected monitor because it maximized deterministic net value under current constraints.,[],[]
2ca0e81dba61bd96,35,Rochor,Central,low,0.2825,0.2825,0.253,0.312,0.282,0.1689,0.0712,low,watchlist,Heuristic baseline policy recommends watchlist monitoring because signals are elevated but not yet acute.,0.1749,low,0,9.5508,monitor,Selected monitor because it maximized deterministic net value under current constraints.,0,Monitor only,none,"low shortage risk; predicted shortage 0.17, pressure 0.17, persistence 0 window(s)",0.0,0.0,30.0,0.0,57.0832,570.832,Low shortage stress in Rochor (score 0.175).,Continue monitoring Rochor; no active intervention is warranted yet.,Maintain watchlist posture while preserving budget and adjacent supply.,0.27,low,low supply + rain,2026-05-11T03:43:23.112570+00:00,,,,,weather,monitor,monitor,none,none,none,,,-0.0,low,0,,Selected monitor because it maximized deterministic net value under current constraints.,0.0,0.0,0.1749,570.832,reliability_first,Selected monitor because it maximized deterministic net value under current constraints.,[],[]
6837bb7195f3456c,36,Seletar,North-East,low,0.0193,0.0193,0.0,0.063,0.019,0.1689,0.1613,low,watchlist,Heuristic baseline policy recommends watchlist monitoring because signals are elevated but not yet acute.,0.1494,low,0,1.0167,monitor,Selected monitor because it maximized deterministic net value under current constraints.,0,Monitor only,none,"low shortage risk; predicted shortage 0.15, pressure 0.17, persistence 0 window(s)",0.0,0.0,30.0,0.0,16.1712,161.712,Low shortage stress in Seletar (score 0.149).,Continue monitoring Seletar; no active intervention is warranted yet.,Maintain watchlist posture while preserving budget and adjacent supply.,0.25,low,critically low supply + below yesterday baseline + rain,2026-05-11T03:43:23.112684+00:00,,,,,weather,monitor,monitor,none,none,none,,,-0.0,low,0,,Selected monitor because it maximized deterministic net value under current constraints.,0.0,0.0,0.1494,161.712,reliability_first,Selected monitor because it maximized deterministic net value under current constraints.,[],[]
5bbda090e99df764,37,Sembawang,North,low,0.0212,0.0212,0.0,0.125,0.421,0.1689,0.2887,low,watchlist,Heuristic baseline policy recommends watchlist monitoring because signals are elevated but not yet acute.,0.2168,low,0,0.0,monitor,Selected monitor because it maximized deterministic net value under current constraints.,0,Monitor only,none,"low shortage risk; predicted shortage 0.22, pressure 0.17, persistence 0 window(s)",0.0,0.0,30.0,0.0,43.488,434.88,Low shortage stress in Sembawang (score 0.217).,Continue monitoring Sembawang; no active intervention is warranted yet.,Maintain watchlist posture while preserving budget and adjacent supply.,0.25,low,rapid depletion + sustained depletion + critically low supply + below yesterday baseline + rain,2026-05-11T03:43:23.112837+00:00,,,,,weather,monitor,monitor,none,none,none,,,-0.0,low,0,,Selected monitor because it maximized deterministic net value under current constraints.,0.0,0.0,0.2168,434.88,reliability_first,Selected monitor because it maximized deterministic net value under current constraints.,[],[]
0c650d2d49ebd2aa,38,Sengkang,North-East,low,0.0291,0.0291,0.0,0.125,0.321,0.1689,0.0712,low,watchlist,Heuristic baseline policy recommends watchlist monitoring because signals are elevated but not yet acute.,0.0862,low,0,0.2,monitor,Selected monitor because it maximized deterministic net value under current constraints.,0,Monitor only,none,"low shortage risk; predicted shortage 0.09, pressure 0.17, persistence 0 window(s)",0.0,0.0,30.0,0.0,6.5316,65.316,Low shortage stress in Sengkang (score 0.086).,Continue monitoring Sengkang; no active intervention is warranted yet.,Maintain watchlist posture while preserving budget and adjacent supply.,0.25,low,rapid depletion + sustained depletion + low supply + rain,2026-05-11T03:43:23.112943+00:00,,,,,weather,monitor,monitor,none,none,none,,,-0.0,low,0,,Selected monitor because it maximized deterministic net value under current constraints.,0.0,0.0,0.0862,65.316,reliability_first,Selected monitor because it maximized deterministic net value under current constraints.,[],[]
d2e804df87634833,39,Serangoon,North-East,low,0.0053,0.0053,0.0,0.106,0.382,0.1689,0.1736,low,watchlist,Heuristic baseline policy recommends watchlist monitoring because signals are elevated but not yet acute.,0.1529,low,0,5.7944,monitor,Selected monitor because it maximized deterministic net value under current constraints.,0,Monitor only,none,"low shortage risk; predicted shortage 0.15, pressure 0.17, persistence 0 window(s)",0.0,0.0,30.0,0.0,24.3,243.0,Low shortage stress in Serangoon (score 0.153).,Continue monitoring Serangoon; no active intervention is warranted yet.,Maintain watchlist posture while preserving budget and adjacent supply.,0.25,low,rapid depletion + sustained depletion + critically low supply + below yesterday baseline + rain,2026-05-11T03:43:23.113036+00:00,,,,,weather,monitor,monitor,none,none,none,,,-0.0,low,0,,Selected monitor because it maximized deterministic net value under current constraints.,0.0,0.0,0.1529,243.0,reliability_first,Selected monitor because it maximized deterministic net value under current constraints.,[],[]
7b254de213931f31,40,Simpang,North,low,0.0231,0.0231,0.0,0.128,0.532,0.1689,0.2887,low,watchlist,Heuristic baseline policy recommends watchlist monitoring because signals are elevated but not yet acute.,0.2174,low,0,0.7,monitor,Selected monitor because it maximized deterministic net value under current constraints.,0,Monitor only,none,"low shortage risk; predicted shortage 0.22, pressure 0.17, persistence 0 window(s)",0.0,0.0,30.0,0.0,43.632,436.32,Low shortage stress in Simpang (score 0.217).,Continue monitoring Simpang; no active intervention is warranted yet.,Maintain watchlist posture while preserving budget and adjacent supply.,0.25,low,rapid depletion + sustained depletion + critically low supply + below yesterday baseline + rain,2026-05-11T03:43:23.113124+00:00,,,,,weather,monitor,monitor,none,none,none,,,-0.0,low,0,,Selected monitor because it maximized deterministic net value under current constraints.,0.0,0.0,0.2174,436.32,reliability_first,Selected monitor because it maximized deterministic net value under current constraints.,[],[]
a2cd851f5d98d73d,41,Singapore River,Central,low,0.0383,0.0383,0.0,0.113,0.194,0.1689,0.2293,low,watchlist,Heuristic baseline policy recommends watchlist monitoring because signals are elevated but not yet acute.,0.1971,low,0,8.4897,monitor,Selected monitor because it maximized deterministic net value under current constraints.,0,Monitor only,none,"low shortage risk; predicted shortage 0.20, pressure 0.17, persistence 0 window(s)",0.0,0.0,30.0,0.0,173.25,1732.5,Low shortage stress in Singapore River (score 0.197).,Continue monitoring Singapore River; no active intervention is warranted yet.,Maintain watchlist posture while preserving budget and adjacent supply.,0.25,low,sustained depletion + critically low supply + below yesterday baseline + rain,2026-05-11T03:43:23.113211+00:00,,,,,weather,monitor,monitor,none,none,none,,,-0.0,low,0,,Selected monitor because it maximized deterministic net value under current constraints.,0.0,0.0,0.1971,1732.5,reliability_first,Selected monitor because it maximized deterministic net value under current constraints.,[],[]
7f65b970318d3e6a,42,Southern Islands,Central,low,0.0424,0.0424,0.0,0.091,0.042,0.1689,0.1244,low,watchlist,Heuristic baseline policy recommends watchlist monitoring because signals are elevated but not yet acute.,0.1308,low,0,3.0444,monitor,Selected monitor because it maximized deterministic net value under current constraints.,0,Monitor only,none,"low shortage risk; predicted shortage 0.13, pressure 0.17, persistence 0 window(s)",0.0,0.0,30.0,0.0,19.26,192.6,Low shortage stress in Southern Islands (score 0.131).,Continue monitoring Southern Islands; no active intervention is warranted yet.,Maintain watchlist posture while preserving budget and adjacent supply.,0.25,low,critically low supply + below yesterday baseline + rain,2026-05-11T03:43:23.113296+00:00,,,,,weather,monitor,monitor,none,none,none,,,-0.0,low,0,,Selected monitor because it maximized deterministic net value under current constraints.,0.0,0.0,0.1308,192.6,reliability_first,Selected monitor because it maximized deterministic net value under current constraints.,[],[]
4c3179d246a07908,43,Straits View,Central,low,0.0311,0.0311,0.0,0.077,0.031,0.1689,0.8338,high,intervention,Heuristic baseline policy recommends intervention because depletion risk or imbalance is already high.,0.2869,moderate,1,4.6563,monitor,Selected monitor because it maximized deterministic net value under current constraints.,0,Monitor only,none,"moderate shortage risk; predicted shortage 0.29, pressure 0.17, persistence 1 window(s)",0.0,0.0,30.0,0.0,57.06,570.6,Moderate shortage stress in Straits View (score 0.287).,Continue monitoring Straits View; no active intervention is warranted yet.,Maintain watchlist posture while preserving budget and adjacent supply.,0.25,medium,critically low supply + below yesterday baseline + rain,2026-05-11T03:43:23.113394+00:00,,,,,weather,monitor,monitor,none,none,none,,,-0.0,low,0,,Selected monitor because it maximized deterministic net value under current constraints.,0.0,0.0,0.2869,570.6,reliability_first,Selected monitor because it maximized deterministic net value under current constraints.,[],[]
6741770b5e1b2598,44,Sungei Kadut,North,low,0.3226,0.3226,0.258,0.387,0.323,0.1689,0.0608,low,watchlist,Heuristic baseline policy recommends watchlist monitoring because signals are elevated but not yet acute.,0.1889,low,0,0.0,monitor,Selected monitor because it maximized deterministic net value under current constraints.,0,Monitor only,none,"low shortage risk; predicted shortage 0.19, pressure 0.17, persistence 0 window(s)",0.0,0.0,30.0,0.0,4.2979,42.979,Low shortage stress in Sungei Kadut (score 0.189).,Continue monitoring Sungei Kadut; no active intervention is warranted yet.,Maintain watchlist posture while preserving budget and adjacent supply.,0.3,low,critically low supply + rain,2026-05-11T03:43:23.113479+00:00,,,,,weather,monitor,monitor,none,none,none,,,-0.0,low,0,,Selected monitor because it maximized deterministic net value under current constraints.,0.0,0.0,0.1889,42.979,reliability_first,Selected monitor because it maximized deterministic net value under current constraints.,[],[]
3fd1ff883f6a2454,45,Tampines,East,low,0.0599,0.0599,0.0,0.141,0.228,0.1689,0.0988,low,no_action,Heuristic baseline policy recommends no action because depletion risk and imbalance remain low.,0.117,low,0,0.4611,monitor,Selected monitor because it maximized deterministic net value under current constraints.,0,Monitor only,none,"low shortage risk; predicted shortage 0.12, pressure 0.17, persistence 0 window(s)",0.0,0.0,30.0,0.0,17.4714,174.714,Low shortage stress in Tampines (score 0.117).,Continue monitoring Tampines; no active intervention is warranted yet.,Maintain watchlist posture while preserving budget and adjacent supply.,0.25,low,low supply + rain,2026-05-11T03:43:23.113562+00:00,,,,,weather,monitor,monitor,none,none,none,,,-0.0,low,0,,Selected monitor because it maximized deterministic net value under current constraints.,0.0,0.0,0.117,174.714,reliability_first,Selected monitor because it maximized deterministic net value under current constraints.,[],[]
d9f613548753cd84,46,Tanglin,Central,low,0.3329,0.3329,0.266,0.399,0.333,0.1689,0.1378,low,watchlist,Heuristic baseline policy recommends watchlist monitoring because signals are elevated but not yet acute.,0.2425,low,0,8.323,monitor,Selected monitor because it maximized deterministic net value under current constraints.,0,Monitor only,none,"low shortage risk; predicted shortage 0.24, pressure 0.17, persistence 0 window(s)",0.0,0.0,30.0,0.0,33.066,330.66,Low shortage stress in Tanglin (score 0.242).,Continue monitoring Tanglin; no active intervention is warranted yet.,Maintain watchlist posture while preserving budget and adjacent supply.,0.32,low,critically low supply + below yesterday baseline + rain,2026-05-11T03:43:23.113644+00:00,,,,,weather,monitor,monitor,none,none,none,,,-0.0,low,0,,Selected monitor because it maximized deterministic net value under current constraints.,0.0,0.0,0.2425,330.66,reliability_first,Selected monitor because it maximized deterministic net value under current constraints.,[],[]
38390e045ce315b0,47,Tengah,West,high,0.933,0.933,1.12,0.746,0.933,0.1689,0.0473,low,intervention,Heuristic baseline policy recommends intervention because depletion risk or imbalance is already high.,0.4026,moderate,1,0.2,monitor,Selected monitor because it maximized deterministic net value under current constraints.,0,Monitor only,none,"moderate shortage risk; predicted shortage 0.40, pressure 0.17, persistence 1 window(s)",0.0,0.0,30.0,0.0,8.8875,88.875,Moderate shortage stress in Tengah (score 0.403).,Continue monitoring Tengah; no active intervention is warranted yet.,Maintain watchlist posture while preserving budget and adjacent supply.,0.85,high,critically low supply + rain,2026-05-11T03:43:23.113734+00:00,,,,,weather,monitor,monitor,none,none,none,,,-0.0,medium,0,,Selected monitor because it maximized deterministic net value under current constraints.,0.0,0.0,0.4026,88.875,reliability_first,Selected monitor because it maximized deterministic net value under current constraints.,[],[]
42a8c3a433d4ef4f,48,Toa Payoh,Central,low,0.095,0.095,0.028,0.162,0.142,0.1689,0.065,low,watchlist,Heuristic baseline policy recommends watchlist monitoring because signals are elevated but not yet acute.,0.1093,low,0,8.423,monitor,Selected monitor because it maximized deterministic net value under current constraints.,0,Monitor only,none,"low shortage risk; predicted shortage 0.11, pressure 0.17, persistence 0 window(s)",0.0,0.0,30.0,0.0,20.1462,201.462,Low shortage stress in Toa Payoh (score 0.109).,Continue monitoring Toa Payoh; no active intervention is warranted yet.,Maintain watchlist posture while preserving budget and adjacent supply.,0.25,low,low supply + rain,2026-05-11T03:43:23.113818+00:00,,,,,weather,monitor,monitor,none,none,none,,,-0.0,low,0,,Selected monitor because it maximized deterministic net value under current constraints.,0.0,0.0,0.1093,201.462,reliability_first,Selected monitor because it maximized deterministic net value under current constraints.,[],[]
b07453bee4de4ac6,49,Tuas,West,low,0.0588,0.0588,0.0,0.211,0.409,0.1689,0.8338,high,intervention,Heuristic baseline policy recommends intervention because depletion risk or imbalance is already high.,0.2966,moderate,4,0.0,monitor,Selected monitor because it maximized deterministic net value under current constraints.,0,Monitor only,none,"moderate shortage risk; predicted shortage 0.30, pressure 0.17, persistence 4 window(s)",0.0,0.0,30.0,0.0,23.328,233.28,Moderate shortage stress in Tuas (score 0.297).,Continue monitoring Tuas; no active intervention is warranted yet.,Maintain watchlist posture while preserving budget and adjacent supply.,0.25,medium,rapid depletion + sustained depletion + critically low supply + below yesterday baseline + rain,2026-05-11T03:43:23.113901+00:00,,,,,weather,monitor,monitor,none,none,none,,,-0.0,low,0,,Selected monitor because it maximized deterministic net value under current constraints.,0.0,0.0,0.2966,233.28,reliability_first,Selected monitor because it maximized deterministic net value under current constraints.,[],[]
c5a925e28e4373f6,50,Western Islands,West,low,0.0319,0.0319,0.0,0.078,0.032,0.1689,0.8338,high,intervention,Heuristic baseline policy recommends intervention because depletion risk or imbalance is already high.,0.2872,moderate,1,0.0,monitor,Selected monitor because it maximized deterministic net value under current constraints.,0,Monitor only,none,"moderate shortage risk; predicted shortage 0.29, pressure 0.17, persistence 1 window(s)",0.0,0.0,30.0,0.0,22.8384,228.384,Moderate shortage stress in Western Islands (score 0.287).,Continue monitoring Western Islands; no active intervention is warranted yet.,Maintain watchlist posture while preserving budget and adjacent supply.,0.25,medium,critically low supply + below yesterday baseline + rain,2026-05-11T03:43:23.113984+00:00,,,,,weather,monitor,monitor,none,none,none,,,-0.0,low,0,,Selected monitor because it maximized deterministic net value under current constraints.,0.0,0.0,0.2872,228.384,reliability_first,Selected monitor because it maximized deterministic net value under current constraints.,[],[]
5a4d32a54831e4db,51,Western Water,West,low,0.0198,0.0198,0.0,0.164,0.486,0.1689,0.8338,high,intervention,Heuristic baseline policy recommends intervention because depletion risk or imbalance is already high.,0.2829,moderate,2,0.0,monitor,Selected monitor because it maximized deterministic net value under current constraints.,0,Monitor only,none,"moderate shortage risk; predicted shortage 0.28, pressure 0.17, persistence 2 window(s)",0.0,0.0,30.0,0.0,22.6224,226.224,Moderate shortage stress in Western Water (score 0.283).,Continue monitoring Western Water; no active intervention is warranted yet.,Maintain watchlist posture while preserving budget and adjacent supply.,0.25,medium,rapid depletion + sustained depletion + critically low supply + below yesterday baseline + rain,2026-05-11T03:43:23.114067+00:00,,,,,weather,monitor,monitor,none,none,none,,,-0.0,low,0,,Selected monitor because it maximized deterministic net value under current constraints.,0.0,0.0,0.2829,226.224,reliability_first,Selected monitor because it maximized deterministic net value under current constraints.,[],[]
30910f18f70185bf,52,Woodlands,North,low,0.0204,0.0204,0.0,0.124,0.487,0.1689,0.2551,low,watchlist,Heuristic baseline policy recommends watchlist monitoring because signals are elevated but not yet acute.,0.2031,low,0,0.7,monitor,Selected monitor because it maximized deterministic net value under current constraints.,0,Monitor only,none,"low shortage risk; predicted shortage 0.20, pressure 0.17, persistence 0 window(s)",0.0,0.0,30.0,0.0,60.7824,607.824,Low shortage stress in Woodlands (score 0.203).,Continue monitoring Woodlands; no active intervention is warranted yet.,Maintain watchlist posture while preserving budget and adjacent supply.,0.25,low,rapid depletion + sustained depletion + critically low supply + below yesterday baseline + rain,2026-05-11T03:43:23.114149+00:00,,,,,weather,monitor,monitor,none,none,none,,,-0.0,low,0,,Selected monitor because it maximized deterministic net value under current constraints.,0.0,0.0,0.2031,607.824,reliability_first,Selected monitor because it maximized deterministic net value under current constraints.,[],[]
1af062444218ab92,53,Yishun,North,low,0.0171,0.0171,0.0,0.118,0.35,0.1689,0.2149,low,watchlist,Heuristic baseline policy recommends watchlist monitoring because signals are elevated but not yet acute.,0.182,low,0,0.0,monitor,Selected monitor because it maximized deterministic net value under current constraints.,0,Monitor only,none,"low shortage risk; predicted shortage 0.18, pressure 0.17, persistence 0 window(s)",0.0,0.0,30.0,0.0,92.088,920.88,Low shortage stress in Yishun (score 0.182).,Continue monitoring Yishun; no active intervention is warranted yet.,Maintain watchlist posture while preserving budget and adjacent supply.,0.25,low,rapid depletion + sustained depletion + low supply + below yesterday baseline + rain,2026-05-11T03:43:23.114230+00:00,,,,,weather,monitor,monitor,none,none,none,,,-0.0,low,0,,Selected monitor because it maximized deterministic net value under current constraints.,0.0,0.0,0.182,920.88,reliability_first,Selected monitor because it maximized deterministic net value under current constraints.,[],[]
ce5a3e1e54b4ecd9,54,Bukit Brown,Central,medium,0.4173,0.4173,0.264,0.571,0.592,0.1689,0.0743,low,watchlist,Heuristic baseline policy recommends watchlist monitoring because signals are elevated but not yet acute.,0.2221,low,0,10.1667,monitor,Selected monitor because it maximized deterministic net value under current constraints.,0,Monitor only,none,"low shortage risk; predicted shortage 0.22, pressure 0.17, persistence 0 window(s)",0.0,0.0,30.0,0.0,14.8478,148.478,Low shortage stress in Bukit Brown (score 0.222).,Continue monitoring Bukit Brown; no active intervention is warranted yet.,Maintain watchlist posture while preserving budget and adjacent supply.,0.39,medium,critically low supply + below yesterday baseline + rain,2026-05-11T03:43:23.114313+00:00,,,,,weather,monitor,monitor,none,none,none,,,-0.0,low,0,,Selected monitor because it maximized deterministic net value under current constraints.,0.0,0.0,0.2221,148.478,reliability_first,Selected monitor because it maximized deterministic net value under current constraints.,[],[]
060598bd76f30b87,55,Tengah Park,West,medium,0.4683,0.4683,0.455,0.482,0.468,0.1689,0.0743,low,watchlist,Heuristic baseline policy recommends watchlist monitoring because signals are elevated but not yet acute.,0.2399,low,0,2.2,monitor,Selected monitor because it maximized deterministic net value under current constraints.,0,Monitor only,none,"low shortage risk; predicted shortage 0.24, pressure 0.17, persistence 0 window(s)",0.0,0.0,30.0,0.0,3.4287,34.287,Low shortage stress in Tengah Park (score 0.240).,Continue monitoring Tengah Park; no active intervention is warranted yet.,Maintain watchlist posture while preserving budget and adjacent supply.,0.43,medium,critically low supply + below yesterday baseline + rain,2026-05-11T03:43:23.114395+00:00,,,,,weather,monitor,monitor,none,none,none,,,-0.0,low,0,,Selected monitor because it maximized deterministic net value under current constraints.,0.0,0.0,0.2399,34.287,reliability_first,Selected monitor because it maximized deterministic net value under current constraints.,[],[]
